{
  "users": {
    "044UHvn0CDNgmrmyWI2HuPB9OqL2": {
      "updatedAt": { "_seconds": 1555155564, "_nanoseconds": 593000000 },
      "id": "044UHvn0CDNgmrmyWI2HuPB9OqL2",
      "mobile": [],
      "email": "dsfas@hh.com"
    },
    "3OHfGlRcLlMNYLPtdYgMZ88V1112": {
      "website": "adsds",
      "address": "daf",
      "updatedAt": { "_seconds": 1554723023, "_nanoseconds": 912000000 },
      "image": {
        "url": "https://firebasestorage.googleapis.com/v0/b/headless-graphql.appspot.com/o/thumb_gandhy.jpg?alt=media&token=7f90ddb3-b603-4223-8776-c71ca2dd4e27",
        "largeUrl": "https://firebasestorage.googleapis.com/v0/b/headless-graphql.appspot.com/o/gandhy.jpg?alt=media&token=7f90ddb3-b603-4223-8776-c71ca2dd4e27"
      },
      "email": "a@dl.com",
      "name": "aa",
      "username": null,
      "id": "3OHfGlRcLlMNYLPtdYgMZ88V1112",
      "mobile": []
    },
    "3OqYVOVFVWagABCNpt040372egy2": {
      "website": "redq.io",
      "address": "USA",
      "updatedAt": { "_seconds": 1554980446, "_nanoseconds": 671000000 },
      "image": {
        "url": "https://firebasestorage.googleapis.com/v0/b/headless-graphql.appspot.com/o/thumb_messi.jpg?alt=media&token=7eb80a3a-89fe-4c12-9eb9-9a702b1c0afb",
        "largeUrl": "https://firebasestorage.googleapis.com/v0/b/headless-graphql.appspot.com/o/messi.jpg?alt=media&token=7eb80a3a-89fe-4c12-9eb9-9a702b1c0afb"
      },
      "email": "paulruet58@gmail.com",
      "name": "Messi",
      "favourite": [
        {
          "slug": "harley-davidson-topper",
          "price": 32000,
          "title": "Harley-Davidson Topper",
          "image": {
            "url": "https://firebasestorage.googleapis.com/v0/b/headless-graphql.appspot.com/o/thumb_roland-kettenring-1.jpg?alt=media&token=ec833273-f1a1-453f-af9b-e292bb709681",
            "largeUrl": "https://firebasestorage.googleapis.com/v0/b/headless-graphql.appspot.com/o/roland-kettenring-1.jpg?alt=media&token=ec833273-f1a1-453f-af9b-e292bb709681"
          },
          "id": "fJ0Vlnhag3lIT6Lt58aE"
        },
        {
          "id": "A0KaOBlWpY3ycTPDP80m",
          "slug": "adrianna-papell",
          "price": 220,
          "title": "Adrianna Papell",
          "image": {
            "url": "https://firebasestorage.googleapis.com/v0/b/headless-graphql.appspot.com/o/thumb_45950d848e314ea33e0ebc8502beb878.jpg?alt=media&token=eec547e0-638f-4a90-bbd1-3d1287cf6568",
            "largeUrl": "https://firebasestorage.googleapis.com/v0/b/headless-graphql.appspot.com/o/45950d848e314ea33e0ebc8502beb878.jpg?alt=media&token=eec547e0-638f-4a90-bbd1-3d1287cf6568"
          }
        }
      ],
      "username": null,
      "id": "3OqYVOVFVWagABCNpt040372egy2",
      "mobile": []
    },
    "59WkR1WGFtgyh4wLSWY1iFKc6493": {
      "updatedAt": { "_seconds": 1552294608, "_nanoseconds": 603000000 },
      "id": "59WkR1WGFtgyh4wLSWY1iFKc6493",
      "mobile": [{ "number": "+8801675386623" }],
      "email": ""
    },
    "8wRB9D7QaYcxrdlhSwWZ4noA42z1": {
      "email": "mim@redq.io",
      "favourite": [
        {
          "id": "2ymWdLhAEJFUr2Edljuj",
          "slug": "n",
          "price": 195000,
          "title": "Davidson Garden",
          "image": {
            "largeUrl": "https://firebasestorage.googleapis.com/v0/b/headless-graphql.appspot.com/o/5.jpg?alt=media&token=6dd3d835-4ac2-415d-968d-0c709c533b59",
            "url": "https://firebasestorage.googleapis.com/v0/b/headless-graphql.appspot.com/o/thumb_5.jpg?alt=media&token=6dd3d835-4ac2-415d-968d-0c709c533b59"
          }
        }
      ],
      "updatedAt": { "_seconds": 1552384372, "_nanoseconds": 398000000 },
      "id": "8wRB9D7QaYcxrdlhSwWZ4noA42z1",
      "mobile": []
    },
    "9K0jceMmjWdoPH7me7K4yBkligw1": {
      "email": "adsf@ddd.com",
      "updatedAt": { "_seconds": 1555155484, "_nanoseconds": 621000000 },
      "id": "9K0jceMmjWdoPH7me7K4yBkligw1",
      "mobile": []
    },
    "CBScIQprQTYzlkKAepwZjrKfoIJ2": {
      "updatedAt": { "_seconds": 1555155623, "_nanoseconds": 57000000 },
      "id": "CBScIQprQTYzlkKAepwZjrKfoIJ2",
      "mobile": [],
      "email": "asfds@dd.com"
    },
    "OOTMMiFma2agGeyXctoTjwPO17T2": {
      "email": "adsfasdf@dd.com",
      "updatedAt": { "_seconds": 1555155709, "_nanoseconds": 232000000 },
      "id": "OOTMMiFma2agGeyXctoTjwPO17T2",
      "mobile": []
    },
    "PU2mWPC8Vwce4Tln2JTXJQrAWM33": {
      "website": "tere",
      "address": "hello",
      "updatedAt": { "_seconds": 1554900520, "_nanoseconds": 690000000 },
      "image": null,
      "email": "testing@gmail.com",
      "name": "testing",
      "username": null,
      "id": "PU2mWPC8Vwce4Tln2JTXJQrAWM33",
      "mobile": []
    },
    "Sxg3zqj5I2TrR52wz5X2uZxurF93": {
      "email": "dsdsdsdsdsdsdsds@gmail.com",
      "updatedAt": { "_seconds": 1555323529, "_nanoseconds": 492000000 },
      "id": "Sxg3zqj5I2TrR52wz5X2uZxurF93",
      "mobile": []
    },
    "Ub5NU9HwdjWVz68nnOiN7UH1wqz1": {
      "updatedAt": { "_seconds": 1554700080, "_nanoseconds": 273000000 },
      "id": "Ub5NU9HwdjWVz68nnOiN7UH1wqz1",
      "mobile": [],
      "email": "jhgjhg@gmail.com"
    },
    "W3OtZUJ507YQOClz5fZfJtURn643": {
      "website": "https:redq.io/faysal",
      "address": "House-149, Road-22, Mohakhali DOHS - 1212",
      "updatedAt": { "_seconds": 1554981452, "_nanoseconds": 987000000 },
      "image": {
        "url": "https://firebasestorage.googleapis.com/v0/b/headless-graphql.appspot.com/o/thumb_21635a5.jpg?alt=media&token=80ecc344-4ed4-47c2-9408-1402fb6e0a78",
        "largeUrl": "https://firebasestorage.googleapis.com/v0/b/headless-graphql.appspot.com/o/21635a5.jpg?alt=media&token=80ecc344-4ed4-47c2-9408-1402fb6e0a78"
      },
      "email": "",
      "name": "Faysal Ul Haque",
      "favourite": [
        {
          "id": "0pvCrPAbghiWeMec8UDB",
          "slug": "f-1552138593915",
          "price": 230000,
          "title": "Fresh Homes Aparment",
          "image": {
            "largeUrl": "https://firebasestorage.googleapis.com/v0/b/headless-graphql.appspot.com/o/21.jpg?alt=media&token=f4bcc3b8-d8d0-4aaf-b9f2-d389cab09186",
            "url": "https://firebasestorage.googleapis.com/v0/b/headless-graphql.appspot.com/o/thumb_21.jpg?alt=media&token=f4bcc3b8-d8d0-4aaf-b9f2-d389cab09186"
          }
        }
      ],
      "username": null,
      "id": "W3OtZUJ507YQOClz5fZfJtURn643",
      "mobile": [{ "number": "+8801757212420" }]
    },
    "WczOA9JkU4P6dz1g2wQtqLWuzl02": {
      "website": "REDQ.IO",
      "address": "DOHS",
      "updatedAt": { "_seconds": 1553070394, "_nanoseconds": 212000000 },
      "image": {
        "largeUrl": "https://firebasestorage.googleapis.com/v0/b/headless-graphql.appspot.com/o/Webp.net-compress-image.jpg?alt=media&token=e248b192-7814-4b61-a1f6-acfdfe1d8ac2",
        "url": "https://firebasestorage.googleapis.com/v0/b/headless-graphql.appspot.com/o/thumb_Webp.net-compress-image.jpg?alt=media&token=e248b192-7814-4b61-a1f6-acfdfe1d8ac2"
      },
      "email": "nbashar01@gmail.com",
      "name": "Md Bashar Nozibulla",
      "favourite": [
        {
          "id": "0R72z4B2LDFaQgBrWKZp",
          "slug": "t-1552384687415",
          "price": 100,
          "title": "Test",
          "image": {
            "url": "https://firebasestorage.googleapis.com/v0/b/headless-graphql.appspot.com/o/thumb_mbuntu-1.jpg?alt=media&token=2323715f-9b6c-448a-95f1-31c0ecbc0046",
            "largeUrl": "https://firebasestorage.googleapis.com/v0/b/headless-graphql.appspot.com/o/mbuntu-1.jpg?alt=media&token=2323715f-9b6c-448a-95f1-31c0ecbc0046"
          }
        },
        {
          "id": "6XZuYsklCI60bZetNv6Z",
          "slug": "m-1552138792564",
          "price": 230000,
          "title": "Mason Homes",
          "image": {
            "url": "https://firebasestorage.googleapis.com/v0/b/headless-graphql.appspot.com/o/thumb_15.jpg?alt=media&token=4cdb65d6-8947-4f84-a005-8980d028b9b9",
            "largeUrl": "https://firebasestorage.googleapis.com/v0/b/headless-graphql.appspot.com/o/15.jpg?alt=media&token=4cdb65d6-8947-4f84-a005-8980d028b9b9"
          }
        },
        {
          "slug": "f-1552138593915",
          "price": 230000,
          "title": "Fresh Homes Aparment",
          "image": {
            "url": "https://firebasestorage.googleapis.com/v0/b/headless-graphql.appspot.com/o/thumb_21.jpg?alt=media&token=f4bcc3b8-d8d0-4aaf-b9f2-d389cab09186",
            "largeUrl": "https://firebasestorage.googleapis.com/v0/b/headless-graphql.appspot.com/o/21.jpg?alt=media&token=f4bcc3b8-d8d0-4aaf-b9f2-d389cab09186"
          },
          "id": "0pvCrPAbghiWeMec8UDB"
        }
      ],
      "username": null,
      "id": "WczOA9JkU4P6dz1g2wQtqLWuzl02",
      "mobile": [{ "number": "+8801762939307" }]
    },
    "Wp9vIwTYgDYt5vPbwAFQP5FrGMQ2": {
      "website": "redq.io",
      "address": "784 10th Ave. Massapequa Park, NY 11762.",
      "updatedAt": { "_seconds": 1555320572, "_nanoseconds": 89000000 },
      "image": {
        "largeUrl": "https://firebasestorage.googleapis.com/v0/b/headless-graphql.appspot.com/o/italian-man.jpg?alt=media&token=7e41a8d4-ce9c-4a05-b6c9-f513e37814ce",
        "url": "https://firebasestorage.googleapis.com/v0/b/headless-graphql.appspot.com/o/thumb_italian-man.jpg?alt=media&token=7e41a8d4-ce9c-4a05-b6c9-f513e37814ce"
      },
      "email": "",
      "name": "Terry White",
      "favourite": [
        {
          "id": "G7STofRkJgkHzBIi7Aa6",
          "slug": "b",
          "price": 25000,
          "title": "BMW i8",
          "image": {
            "url": "https://firebasestorage.googleapis.com/v0/b/headless-graphql.appspot.com/o/thumb_11.jpg?alt=media&token=434f0021-83ec-41da-97eb-cbe768ba1636",
            "largeUrl": "https://firebasestorage.googleapis.com/v0/b/headless-graphql.appspot.com/o/11.jpg?alt=media&token=434f0021-83ec-41da-97eb-cbe768ba1636"
          }
        },
        {
          "id": "UipzPZFBwuGIqEbmwL2z",
          "slug": "o",
          "price": 185000,
          "title": "Old taunton House",
          "image": {
            "largeUrl": "https://firebasestorage.googleapis.com/v0/b/headless-graphql.appspot.com/o/14.jpg?alt=media&token=376cba47-9f0f-4eea-9797-ab67c68dea65",
            "url": "https://firebasestorage.googleapis.com/v0/b/headless-graphql.appspot.com/o/thumb_14.jpg?alt=media&token=376cba47-9f0f-4eea-9797-ab67c68dea65"
          }
        }
      ],
      "username": null,
      "id": "Wp9vIwTYgDYt5vPbwAFQP5FrGMQ2",
      "mobile": [{ "number": "+8801881450141" }]
    },
    "Y9MywAfwlggY5PndcH1XM3GIxUt1": {
      "updatedAt": { "_seconds": 1555322617, "_nanoseconds": 428000000 },
      "id": "Y9MywAfwlggY5PndcH1XM3GIxUt1",
      "mobile": [],
      "email": "got@redq.io"
    },
    "aebVIYp5XkWoyjD4nCkI08LWk423": {
      "email": "",
      "updatedAt": { "_seconds": 1555155175, "_nanoseconds": 560000000 },
      "id": "aebVIYp5XkWoyjD4nCkI08LWk423",
      "mobile": [{ "number": "+8801869312152" }]
    },
    "awEbgqEco3UhfoyqIJKPWyyzBxn1": {
      "email": "adsfaswf@dfds.com",
      "updatedAt": { "_seconds": 1555155787, "_nanoseconds": 361000000 },
      "id": "awEbgqEco3UhfoyqIJKPWyyzBxn1",
      "mobile": []
    },
    "fN0AtGuTqGY6Qke0oBzvrwW1D0A2": {
      "image": null,
      "email": "",
      "name": "Eisenhour Jorge",
      "favourite": [],
      "username": null,
      "id": "fN0AtGuTqGY6Qke0oBzvrwW1D0A2",
      "mobile": [{ "number": "+8801714116126" }],
      "website": "redq.io",
      "address": "House 149, Mohakhali DOHS",
      "updatedAt": { "_seconds": 1554975802, "_nanoseconds": 148000000 }
    },
    "fw6uxsj3VfYtkFc5CV2WIlVZ9Tp2": {
      "email": "",
      "name": "Roman ul ferdosh",
      "favourite": [
        {
          "id": "2ymWdLhAEJFUr2Edljuj",
          "slug": "n",
          "price": 195000,
          "title": "Davidson Garden",
          "image": {
            "url": "https://firebasestorage.googleapis.com/v0/b/headless-graphql.appspot.com/o/thumb_appertment-1.jpg?alt=media&token=ab159687-789f-4766-bc05-28409c140a7a",
            "largeUrl": "https://firebasestorage.googleapis.com/v0/b/headless-graphql.appspot.com/o/appertment-1.jpg?alt=media&token=ab159687-789f-4766-bc05-28409c140a7a"
          }
        }
      ],
      "username": null,
      "id": "fw6uxsj3VfYtkFc5CV2WIlVZ9Tp2",
      "mobile": [{ "number": "+8801727602284" }],
      "website": "http://www.example.com",
      "address": "Kazipara, Mirpur - 2, Dhaka, Bangaldesh",
      "updatedAt": { "_seconds": 1554981121, "_nanoseconds": 828000000 },
      "image": null
    },
    "go2WSTD6WxR0JLb8vyrxoluHk7t2": {
      "updatedAt": { "_seconds": 1554728589, "_nanoseconds": 406000000 },
      "id": "go2WSTD6WxR0JLb8vyrxoluHk7t2",
      "mobile": [],
      "email": "juxe@email-host.info"
    },
    "hQnZ9HbocPazTFbdwqVk4xNbRon2": {
      "updatedAt": { "_seconds": 1554978788, "_nanoseconds": 352000000 },
      "id": "hQnZ9HbocPazTFbdwqVk4xNbRon2",
      "mobile": [],
      "email": "mahmud.manjur.mizu@gmail.com"
    },
    "n0aaD6T3WNdhUkZkzKWK5yD3OVy1": {
      "website": "red.io",
      "address": "Mohakhali",
      "updatedAt": { "_seconds": 1554901365, "_nanoseconds": 754000000 },
      "image": {
        "largeUrl": "https://firebasestorage.googleapis.com/v0/b/headless-graphql.appspot.com/o/messi.jpg?alt=media&token=88dd67d4-572f-405d-b3ce-b7dc2f97f7b8",
        "url": "https://firebasestorage.googleapis.com/v0/b/headless-graphql.appspot.com/o/thumb_messi.jpg?alt=media&token=88dd67d4-572f-405d-b3ce-b7dc2f97f7b8"
      },
      "email": "",
      "name": "Messi",
      "username": null,
      "id": "n0aaD6T3WNdhUkZkzKWK5yD3OVy1",
      "mobile": [{ "number": "+8801716443932" }]
    },
    "oVn5SkujvEU46ZPtEFK8uMKFUBi2": {
      "email": "asdf@gg.com",
      "updatedAt": { "_seconds": 1555155534, "_nanoseconds": 918000000 },
      "id": "oVn5SkujvEU46ZPtEFK8uMKFUBi2",
      "mobile": []
    },
    "wmumEP7tlIOoFltJJ3QDDqktiKx2": {
      "updatedAt": { "_seconds": 1555323590, "_nanoseconds": 497000000 },
      "id": "wmumEP7tlIOoFltJJ3QDDqktiKx2",
      "mobile": [],
      "email": "nbaserrrrrhar01@gmail.com"
    },
    "xc5hM481iwe3M1guTYbdo5ermTh2": {
      "email": "todajev@red-mail.info",
      "updatedAt": { "_seconds": 1554654589, "_nanoseconds": 763000000 },
      "id": "xc5hM481iwe3M1guTYbdo5ermTh2",
      "mobile": []
    },
    "yoDTtbtlX6hIkj9PbQ1SLzfxvx83": {
      "email": "paul@redq.io",
      "name": "Roy",
      "username": null,
      "id": "yoDTtbtlX6hIkj9PbQ1SLzfxvx83",
      "mobile": [],
      "website": "redq.io",
      "address": "Mohakhali",
      "updatedAt": { "_seconds": 1554980880, "_nanoseconds": 180000000 },
      "image": {
        "url": "https://firebasestorage.googleapis.com/v0/b/headless-graphql.appspot.com/o/thumb_1.jpeg?alt=media&token=351aa316-bc4a-4098-a64f-0c5b37da895d",
        "largeUrl": "https://firebasestorage.googleapis.com/v0/b/headless-graphql.appspot.com/o/1.jpeg?alt=media&token=351aa316-bc4a-4098-a64f-0c5b37da895d"
      }
    },
    "yqcSWg84JeekH87Cnriw3RDVLaU2": {
      "updatedAt": { "_seconds": 1554975192, "_nanoseconds": 20000000 },
      "id": "yqcSWg84JeekH87Cnriw3RDVLaU2",
      "mobile": [{ "number": "+8801739948408" }],
      "email": ""
    }
  }
}
